-- JWT CIC Database Schema --
-- version 0.0.18 --
-- last update: 2017 - 10 - 02 --

-- USERS --

CREATE TABLE jwt_user (id bigint GENERATED BY DEFAULT AS IDENTITY, name_id varchar(254) NOT NULL UNIQUE, name varchar(254) NOT NULL, last_name varchar(254) NOT NULL, email varchar(254) NOT NULL, date_created datetime NOT NULL, date_updated datetime NOT NULL, active bit NOT NULL, PRIMARY KEY (id));
CREATE TABLE role (id bigint NOT NULL, display_name varchar(254) NOT NULL, value varchar(64) NOT NULL, active bit NOT NULL, PRIMARY KEY (id));


INSERT INTO role(id, display_name, value, active) VALUES (1, 'Analyst', 'ROLE_ANALYST', true);
INSERT INTO role(id, display_name, value, active) VALUES (2, 'Strategic', 'ROLE_STRATEGIC', true);

INSERT INTO jwt_user(id, name_id, name, last_name, email, date_created, date_updated, active) VALUES (1, 'gerardo.hernandez', 'gerardo', 'hernandez', 'gerardo.hernandez@globant.com', CURRENT_TIMESTAMP(), CURRENT_TIMESTAMP(), true);
INSERT INTO jwt_user(id, name_id, name, last_name, email, date_created, date_updated, active) VALUES (2, 'angela.gordon', 'angela', 'gordon', 'angela.gordon@aig.com',CURRENT_TIMESTAMP(), CURRENT_TIMESTAMP(), true);
INSERT INTO jwt_user(id, name_id, name, last_name, email, date_created, date_updated, active) VALUES (3, 'sammuel.thompson', 'sammuel', 'thompson', 'sammuel.thompson@united.com',CURRENT_TIMESTAMP(), CURRENT_TIMESTAMP(), true);
INSERT INTO jwt_user(id, name_id, name, last_name, email, date_created, date_updated, active) VALUES (4, 'john.doe', 'john', 'doe', 'john.doe@jwt.com',CURRENT_TIMESTAMP(), CURRENT_TIMESTAMP(), true);
INSERT INTO jwt_user(id, name_id, name, last_name, email, date_created, date_updated, active) VALUES (5, 'marcela.lopez', 'marcela', 'lopez', 'marcela.lopez@jwt.com',CURRENT_TIMESTAMP(), CURRENT_TIMESTAMP(), true);
INSERT INTO jwt_user(id, name_id, name, last_name, email, date_created, date_updated, active) VALUES (6, 'anusha.mittal', 'anusha', 'mittal', 'anusha.mittal@globant.com',CURRENT_TIMESTAMP(), CURRENT_TIMESTAMP(), true);
INSERT INTO jwt_user(id, name_id, name, last_name, email, date_created, date_updated, active) VALUES (7, 'joseph.levine', 'joseph', 'levine', 'joseph.levine@globant.com',CURRENT_TIMESTAMP(), CURRENT_TIMESTAMP(), true);
INSERT INTO jwt_user(id, name_id, name, last_name, email, date_created, date_updated, active) VALUES (8, 'gabriel.mendoza', 'gabriel', 'mendoza', 'gabriel.mendoza@globant.com',CURRENT_TIMESTAMP(), CURRENT_TIMESTAMP(), true);
INSERT INTO jwt_user(id, name_id, name, last_name, email, date_created, date_updated, active) VALUES (9, 'andrew.gordon', 'andrew', 'gordon', 'andrew.gordon@ih.co.uk',CURRENT_TIMESTAMP(), CURRENT_TIMESTAMP(), true);
INSERT INTO jwt_user(id, name_id, name, last_name, email, date_created, date_updated, active) VALUES (10, 'declan.winterton', 'declan', 'winterton', 'declan.winterton@nandos.co.uk',CURRENT_TIMESTAMP(), CURRENT_TIMESTAMP(), true);
INSERT INTO jwt_user(id, name_id, name, last_name, email, date_created, date_updated, active) VALUES (11, 'gabriel.medina@globant.com', 'Gabriel', 'Medina', 'gabriel.medina@globant.com',CURRENT_TIMESTAMP(), CURRENT_TIMESTAMP(), true);
INSERT INTO jwt_user(id, name_id, name, last_name, email, date_created, date_updated, active) VALUES (12, 'alejandro.jaime@globant.com', 'Alejandro', 'Jaime', 'alejandro.jaime@globant.com',CURRENT_TIMESTAMP(), CURRENT_TIMESTAMP(), true);
INSERT INTO jwt_user(id, name_id, name, last_name, email, date_created, date_updated, active) VALUES (13, 'gabriel.grispo@globant.com', 'Gabriel', 'Grispo', 'gabriel.grispo@globant.com',CURRENT_TIMESTAMP(), CURRENT_TIMESTAMP(), true);

-- 3RD PARTY DATA SOURCES  --

CREATE TABLE source (id bigint GENERATED BY DEFAULT AS IDENTITY, keyname varchar(16) NOT NULL, name varchar(254) NOT NULL, active bit NOT NULL, PRIMARY KEY (id));
CREATE TABLE source_credential (user_id bigint NOT NULL, source_id bigint NOT NULL, id bigint GENERATED BY DEFAULT AS IDENTITY, username varchar(254) NOT NULL, password varchar(254) NOT NULL, date_created datetime NOT NULL, date_updated datetime NOT NULL, active bit NOT NULL, PRIMARY KEY (id));
ALTER TABLE source_credential ADD CONSTRAINT fk_source_source_credential FOREIGN KEY (source_id) REFERENCES source (id);
ALTER TABLE source_credential ADD CONSTRAINT fk_user_source_credential FOREIGN KEY (user_id) REFERENCES jwt_user (id);

INSERT INTO source(id, keyname, name, active) VALUES (1, 'infegy', 'Infegy', 1);
INSERT INTO source(id, keyname, name, active) VALUES (2, 'crowdtangle', 'Crowdtangle', 1);
INSERT INTO source(id, keyname, name, active) VALUES (3, 'google-trends', 'Google Trends', 1);

INSERT INTO source_credential(user_id, source_id, id, username, password, date_created, date_updated, active) VALUES (4, 1, 1, 'infegy.user', 'MTIzNDU2Nzg=', CURRENT_TIMESTAMP(), CURRENT_TIMESTAMP(), true);
INSERT INTO source_credential(user_id, source_id, id, username, password, date_created, date_updated, active) VALUES (4, 2, 2, 'crowdtangle.user', 'MTIzNDU2Nzg=', CURRENT_TIMESTAMP(), CURRENT_TIMESTAMP(), true);
INSERT INTO source_credential(user_id, source_id, id, username, password, date_created, date_updated, active) VALUES (4, 3, 3, 'trends.user', 'MTIzNDU2Nzg=', CURRENT_TIMESTAMP(), CURRENT_TIMESTAMP(), true);

-- CLIENT MAPPING & USERS --

CREATE TABLE brand (client_id bigint NOT NULL, id bigint GENERATED BY DEFAULT AS IDENTITY, name varchar(254) NOT NULL, date_created datetime NOT NULL, date_updated datetime NOT NULL, active bit NOT NULL, PRIMARY KEY (id));
CREATE TABLE client (id bigint GENERATED BY DEFAULT AS IDENTITY, name varchar(254) NOT NULL, date_created datetime NOT NULL, date_updated datetime NOT NULL, active bit NOT NULL, PRIMARY KEY (id));
CREATE TABLE project (brand_id bigint NOT NULL, id bigint GENERATED BY DEFAULT AS IDENTITY, name varchar(254) NOT NULL, uuid varchar(36) NOT NULL, date_created datetime NOT NULL, date_updated datetime NOT NULL, active bit NOT NULL, PRIMARY KEY (id));
CREATE TABLE user_project (project_id bigint NOT NULL, user_id bigint NOT NULL, id bigint GENERATED BY DEFAULT AS IDENTITY, role_id bigint NOT NULL, date_created datetime NOT NULL, date_updated datetime NOT NULL, active bit NOT NULL, PRIMARY KEY (id));


ALTER TABLE project ADD CONSTRAINT fk_brand_project FOREIGN KEY (brand_id) REFERENCES brand (id);
ALTER TABLE brand ADD CONSTRAINT fk_client_brand FOREIGN KEY (client_id) REFERENCES client (id);
ALTER TABLE user_project ADD CONSTRAINT fk_project_user_project FOREIGN KEY (project_id) REFERENCES project (id);
ALTER TABLE user_project ADD CONSTRAINT fk_role_user_project FOREIGN KEY (role_id) REFERENCES role (id);
ALTER TABLE user_project ADD CONSTRAINT fk_user_user_project FOREIGN KEY (user_id) REFERENCES jwt_user (id);

INSERT INTO client (id,name,date_created,date_updated,active) VALUES (1,'P&G', CURRENT_TIMESTAMP(), CURRENT_TIMESTAMP(), true);
INSERT INTO client (id,name,date_created,date_updated,active) VALUES (2,'J&J', CURRENT_TIMESTAMP(), CURRENT_TIMESTAMP(), true);
INSERT INTO client (id,name,date_created,date_updated,active) VALUES (3,'Mars', CURRENT_TIMESTAMP(), CURRENT_TIMESTAMP(), true);
INSERT INTO client (id,name,date_created,date_updated,active) VALUES (4,'Hershey''s', CURRENT_TIMESTAMP(), CURRENT_TIMESTAMP(), true);
INSERT INTO client (id,name,date_created,date_updated,active) VALUES (5,'Cadbury', CURRENT_TIMESTAMP(), CURRENT_TIMESTAMP(), true);
INSERT INTO client (id,name,date_created,date_updated,active) VALUES (6,'Toblerone', CURRENT_TIMESTAMP(), CURRENT_TIMESTAMP(), true);

INSERT INTO brand (client_id,name,date_created,date_updated,active) VALUES (3,'M&M',CURRENT_TIMESTAMP(),CURRENT_TIMESTAMP(), true);
INSERT INTO brand (client_id,name,date_created,date_updated,active) VALUES (3,'Galaxy',CURRENT_TIMESTAMP(),CURRENT_TIMESTAMP(), true);
INSERT INTO brand (client_id,name,date_created,date_updated,active) VALUES (3,'Snickers',CURRENT_TIMESTAMP(),CURRENT_TIMESTAMP(), true);
INSERT INTO brand (client_id,name,date_created,date_updated,active) VALUES (3,'Revels',CURRENT_TIMESTAMP(),CURRENT_TIMESTAMP(), true);
INSERT INTO brand (client_id,name,date_created,date_updated,active) VALUES (3,'Tracker',CURRENT_TIMESTAMP(),CURRENT_TIMESTAMP(), true);
INSERT INTO brand (client_id,name,date_created,date_updated,active) VALUES (4,'Cookies ''n'' Cream',CURRENT_TIMESTAMP(),CURRENT_TIMESTAMP(), true);
INSERT INTO brand (client_id,name,date_created,date_updated,active) VALUES (4,'Dark Chocolate Kisses',CURRENT_TIMESTAMP(),CURRENT_TIMESTAMP(), true);
INSERT INTO brand (client_id,name,date_created,date_updated,active) VALUES (4,'KIT KAT',CURRENT_TIMESTAMP(),CURRENT_TIMESTAMP(), true);
INSERT INTO brand (client_id,name,date_created,date_updated,active) VALUES (4,'Dairy milk',CURRENT_TIMESTAMP(),CURRENT_TIMESTAMP(), true);
INSERT INTO brand (client_id,name,date_created,date_updated,active) VALUES (5,'Dairy Milk Chunks Carton',CURRENT_TIMESTAMP(),CURRENT_TIMESTAMP(), true);
INSERT INTO brand (client_id,name,date_created,date_updated,active) VALUES (5,'Caramello',CURRENT_TIMESTAMP(),CURRENT_TIMESTAMP(), true);
INSERT INTO brand (client_id,name,date_created,date_updated,active) VALUES (5,'Twirl',CURRENT_TIMESTAMP(),CURRENT_TIMESTAMP(), true);
INSERT INTO brand (client_id,name,date_created,date_updated,active) VALUES (5,'Double Decker',CURRENT_TIMESTAMP(),CURRENT_TIMESTAMP(), true);
INSERT INTO brand (client_id,name,date_created,date_updated,active) VALUES (5,'Bournville',CURRENT_TIMESTAMP(),CURRENT_TIMESTAMP(), true);
INSERT INTO brand (client_id,name,date_created,date_updated,active) VALUES (5,'Flake',CURRENT_TIMESTAMP(),CURRENT_TIMESTAMP(), true);

INSERT INTO project (brand_id,id,name,uuid,date_created,date_updated,active) VALUES (1,1,'Kryspy','a06cf8fb-4d39-4a09-a0b1-0e0087a2d39b',CURRENT_TIMESTAMP(),CURRENT_TIMESTAMP(), true);
INSERT INTO project (brand_id,id,name,uuid,date_created,date_updated,active) VALUES (3,2,'Peanut','b7b92b8e-2076-4c53-a2bf-25b1f9fada5a',CURRENT_TIMESTAMP(),CURRENT_TIMESTAMP(), true);
INSERT INTO project (brand_id,id,name,uuid,date_created,date_updated,active) VALUES (4,3,'Pretzel','2c28eb50-bd6f-4f1c-a6d7-10e745fdc69f',CURRENT_TIMESTAMP(),CURRENT_TIMESTAMP(), true);
INSERT INTO project (brand_id,id,name,uuid,date_created,date_updated,active) VALUES (2,4,'Dark','7d03e129-aad4-46d2-8b0b-376d39a23cd9',CURRENT_TIMESTAMP(),CURRENT_TIMESTAMP(), true);
INSERT INTO project (brand_id,id,name,uuid,date_created,date_updated,active) VALUES (5,5,'Milk','fe3688ec-b8ea-4dbb-bf26-08134f12030f',CURRENT_TIMESTAMP(),CURRENT_TIMESTAMP(), true);
INSERT INTO project (brand_id,id,name,uuid,date_created,date_updated,active) VALUES (6,6,'Standard','3cc4163b-ac0b-4859-a17b-87d44f8f694d',CURRENT_TIMESTAMP(),CURRENT_TIMESTAMP(), true);
INSERT INTO project (brand_id,id,name,uuid,date_created,date_updated,active) VALUES (7,7,'Standard','2803d300-0d9c-4f3a-bb0e-c5d8092d10a0',CURRENT_TIMESTAMP(),CURRENT_TIMESTAMP(), true);
INSERT INTO project (brand_id,id,name,uuid,date_created,date_updated,active) VALUES (8,8,'Cocoa','b4e6f24e-17b7-4bfb-a111-19df441c741b',CURRENT_TIMESTAMP(),CURRENT_TIMESTAMP(), true);
INSERT INTO project (brand_id,id,name,uuid,date_created,date_updated,active) VALUES (9,9,'Cocoa butter','db5d21ca-d392-4b75-a922-62261257fc12',CURRENT_TIMESTAMP(),CURRENT_TIMESTAMP(), true);
INSERT INTO project (brand_id,id,name,uuid,date_created,date_updated,active) VALUES (10,10,'Sugar','a13924fa-8ac3-4245-bc48-9e399a89b326',CURRENT_TIMESTAMP(),CURRENT_TIMESTAMP(), true);
INSERT INTO project (brand_id,id,name,uuid,date_created,date_updated,active) VALUES (11,11,'Vanilla','233cdc9c-63e1-4bbc-8a41-ba26ac169305',CURRENT_TIMESTAMP(),CURRENT_TIMESTAMP(), true);
INSERT INTO project (brand_id,id,name,uuid,date_created,date_updated,active) VALUES (12,12,'Baking powder','d610501b-4ddd-4521-b051-fb596679634e',CURRENT_TIMESTAMP(),CURRENT_TIMESTAMP(), true);
INSERT INTO project (brand_id,id,name,uuid,date_created,date_updated,active) VALUES (13,13,'Egg','14b73801-c127-4043-8028-52e003c04913',CURRENT_TIMESTAMP(),CURRENT_TIMESTAMP(), true);
INSERT INTO project (brand_id,id,name,uuid,date_created,date_updated,active) VALUES (14,14,'Milkmaid','ef0fe241-c7fe-4c4d-a8d3-376f19a8ac29',CURRENT_TIMESTAMP(),CURRENT_TIMESTAMP(), true);
INSERT INTO project (brand_id,id,name,uuid,date_created,date_updated,active) VALUES (15,15,'Plain flour','7e7b0c69-8729-4c73-a2ea-aec1239df6ee',CURRENT_TIMESTAMP(),CURRENT_TIMESTAMP(), true);

INSERT INTO user_project(project_id, user_id, id, role_id, date_created, date_updated, active) VALUES (1, 11, 1, 1, CURRENT_TIMESTAMP(), CURRENT_TIMESTAMP(), true); --gabriel.medina
INSERT INTO user_project(project_id, user_id, id, role_id, date_created, date_updated, active) VALUES (2, 12, 2, 1, CURRENT_TIMESTAMP(), CURRENT_TIMESTAMP(), true); --alejandro.jaime
INSERT INTO user_project(project_id, user_id, id, role_id, date_created, date_updated, active) VALUES (2, 13, 3, 2, CURRENT_TIMESTAMP(), CURRENT_TIMESTAMP(), true); --gabriel.grispo
INSERT INTO user_project(project_id, user_id, id, role_id, date_created, date_updated, active) VALUES (2,  9, 4, 2, CURRENT_TIMESTAMP(), CURRENT_TIMESTAMP(), true); --gabriel.grispo

-- WORKSPACES --

CREATE TABLE screen (workspace_id bigint NOT NULL, id bigint GENERATED BY DEFAULT AS IDENTITY, name varchar(254) NOT NULL, date_created datetime NOT NULL, date_updated datetime NOT NULL, active bit NOT NULL, PRIMARY KEY (id));
CREATE TABLE screen_attachment (screen_id bigint NOT NULL, screen_element_id bigint NOT NULL, id bigint GENERATED BY DEFAULT AS IDENTITY, date_created datetime NOT NULL, date_updated datetime NOT NULL, active bit NOT NULL, PRIMARY KEY (id));
CREATE TABLE screen_element (id bigint GENERATED BY DEFAULT AS IDENTITY, keyname varchar(254) NOT NULL UNIQUE, screen_element_type_id bigint NOT NULL, date_created datetime NOT NULL, date_updated datetime NOT NULL, active bit NOT NULL, PRIMARY KEY (id));
CREATE TABLE screen_element_type (id bigint GENERATED BY DEFAULT AS IDENTITY, keyname varchar(254) NOT NULL UNIQUE, date_created datetime NOT NULL, date_updated datetime NOT NULL, active bit NOT NULL, PRIMARY KEY (id));
CREATE TABLE workspace (user_project_id bigint NOT NULL, id bigint GENERATED BY DEFAULT AS IDENTITY, name varchar(254) NOT NULL, loaded_by_default bit NOT NULL, date_created datetime NOT NULL, date_updated datetime NOT NULL, active bit NOT NULL, PRIMARY KEY (id));
ALTER TABLE screen_attachment ADD CONSTRAINT fk_screen_attachment_s_element FOREIGN KEY (screen_element_id) REFERENCES screen_element (id);
ALTER TABLE screen_element ADD CONSTRAINT fk_screen_element_s_e_type FOREIGN KEY (screen_element_type_id) REFERENCES screen_element_type (id);
ALTER TABLE screen_attachment ADD CONSTRAINT fk_screen_s_attachment FOREIGN KEY (screen_id) REFERENCES screen (id);
ALTER TABLE workspace ADD CONSTRAINT fk_user_project_workspace FOREIGN KEY (user_project_id) REFERENCES user_project (id);
ALTER TABLE screen ADD CONSTRAINT fk_workspace_screen FOREIGN KEY (workspace_id) REFERENCES workspace (id);


INSERT INTO workspace(user_project_id, id, name, loaded_by_default, date_created, date_updated, active) VALUES (1, 1, 'Workspace 1', true, CURRENT_TIMESTAMP(), CURRENT_TIMESTAMP(), true);
INSERT INTO workspace(user_project_id, id, name, loaded_by_default, date_created, date_updated, active) VALUES (2, 2, 'Workspace 1', true, CURRENT_TIMESTAMP(), CURRENT_TIMESTAMP(), true);
INSERT INTO workspace(user_project_id, id, name, loaded_by_default, date_created, date_updated, active) VALUES (3, 3, 'Workspace 1', true, CURRENT_TIMESTAMP(), CURRENT_TIMESTAMP(), true);
INSERT INTO workspace(user_project_id, id, name, loaded_by_default, date_created, date_updated, active) VALUES (4, 4, 'Workspace 1', true, CURRENT_TIMESTAMP(), CURRENT_TIMESTAMP(), true);

INSERT INTO screen(workspace_id, id, name, date_created, date_updated, active) VALUES (1, 1, 'Screen 1', CURRENT_TIMESTAMP(), CURRENT_TIMESTAMP(), true);
INSERT INTO screen(workspace_id, id, name, date_created, date_updated, active) VALUES (1, 2, 'Screen 2', CURRENT_TIMESTAMP(), CURRENT_TIMESTAMP(), true);
INSERT INTO screen(workspace_id, id, name, date_created, date_updated, active) VALUES (1, 3, 'Screen 3', CURRENT_TIMESTAMP(), CURRENT_TIMESTAMP(), true);
INSERT INTO screen(workspace_id, id, name, date_created, date_updated, active) VALUES (1, 4, 'Screen 4', CURRENT_TIMESTAMP(), CURRENT_TIMESTAMP(), true);
INSERT INTO screen(workspace_id, id, name, date_created, date_updated, active) VALUES (1, 5, 'Screen 5', CURRENT_TIMESTAMP(), CURRENT_TIMESTAMP(), true);
INSERT INTO screen(workspace_id, id, name, date_created, date_updated, active) VALUES (1, 6, 'Screen 6', CURRENT_TIMESTAMP(), CURRENT_TIMESTAMP(), true);
INSERT INTO screen(workspace_id, id, name, date_created, date_updated, active) VALUES (1, 7, 'Screen 7', CURRENT_TIMESTAMP(), CURRENT_TIMESTAMP(), true);
INSERT INTO screen(workspace_id, id, name, date_created, date_updated, active) VALUES (1, 8, 'Screen 8', CURRENT_TIMESTAMP(), CURRENT_TIMESTAMP(), true);

INSERT INTO screen_element_type(id, keyname, date_created, date_updated, active) VALUES (1, 'chart', CURRENT_TIMESTAMP(), CURRENT_TIMESTAMP(), true);
INSERT INTO screen_element_type(id, keyname, date_created, date_updated, active) VALUES (2, 'question-set-tab', CURRENT_TIMESTAMP(), CURRENT_TIMESTAMP(), true);
INSERT INTO screen_element_type(id, keyname, date_created, date_updated, active) VALUES (3, 'third-party-app', CURRENT_TIMESTAMP(), CURRENT_TIMESTAMP(), true);

INSERT INTO screen_element(id, keyname, screen_element_type_id, date_created, date_updated, active) VALUES (170, 'brands-people-talking-about', 1, CURRENT_TIMESTAMP(), CURRENT_TIMESTAMP(), true);
INSERT INTO screen_element(id, keyname, screen_element_type_id, date_created, date_updated, active) VALUES (180, 'key-themes-talk-about', 1, CURRENT_TIMESTAMP(), CURRENT_TIMESTAMP(), true);
INSERT INTO screen_element(id, keyname, screen_element_type_id, date_created, date_updated, active) VALUES (190, 'sentiment-changed-day-over-day', 1, CURRENT_TIMESTAMP(), CURRENT_TIMESTAMP(), true);
INSERT INTO screen_element(id, keyname, screen_element_type_id, date_created, date_updated, active) VALUES (1100, 'volume-changed-day-over-day', 1, CURRENT_TIMESTAMP(), CURRENT_TIMESTAMP(), true);
INSERT INTO screen_element(id, keyname, screen_element_type_id, date_created, date_updated, active) VALUES (1110, 'talking-about-me', 1, CURRENT_TIMESTAMP(), CURRENT_TIMESTAMP(), true);
INSERT INTO screen_element(id, keyname, screen_element_type_id, date_created, date_updated, active) VALUES (1121, 'other-topics-care-about/top-post-interests', 1, CURRENT_TIMESTAMP(), CURRENT_TIMESTAMP(), true);
INSERT INTO screen_element(id, keyname, screen_element_type_id, date_created, date_updated, active) VALUES (1122, 'other-topics-care-about/ratio-per-category', 1, CURRENT_TIMESTAMP(), CURRENT_TIMESTAMP(), true);
INSERT INTO screen_element(id, keyname, screen_element_type_id, date_created, date_updated, active) VALUES (1130, 'people-feel-about-brand', 1, CURRENT_TIMESTAMP(), CURRENT_TIMESTAMP(), true);
INSERT INTO screen_element(id, keyname, screen_element_type_id, date_created, date_updated, active) VALUES (1140, 'emotions-about-category', 1, CURRENT_TIMESTAMP(), CURRENT_TIMESTAMP(), true);
INSERT INTO screen_element(id, keyname, screen_element_type_id, date_created, date_updated, active) VALUES (1150, 'conversation-happening', 1, CURRENT_TIMESTAMP(), CURRENT_TIMESTAMP(), true);
INSERT INTO screen_element(id, keyname, screen_element_type_id, date_created, date_updated, active) VALUES (21, 'discover', 2, CURRENT_TIMESTAMP(), CURRENT_TIMESTAMP(), true);
INSERT INTO screen_element(id, keyname, screen_element_type_id, date_created, date_updated, active) VALUES (22, 'evaluate', 2, CURRENT_TIMESTAMP(), CURRENT_TIMESTAMP(), true);
INSERT INTO screen_element(id, keyname, screen_element_type_id, date_created, date_updated, active) VALUES (23, 'engage', 2, CURRENT_TIMESTAMP(), CURRENT_TIMESTAMP(), true);
INSERT INTO screen_element(id, keyname, screen_element_type_id, date_created, date_updated, active) VALUES (24, 'purchase', 2, CURRENT_TIMESTAMP(), CURRENT_TIMESTAMP(), true);
INSERT INTO screen_element(id, keyname, screen_element_type_id, date_created, date_updated, active) VALUES (31, 'infegy', 3, CURRENT_TIMESTAMP(), CURRENT_TIMESTAMP(), true);
INSERT INTO screen_element(id, keyname, screen_element_type_id, date_created, date_updated, active) VALUES (32, 'crowdtangle', 3, CURRENT_TIMESTAMP(), CURRENT_TIMESTAMP(), true);
INSERT INTO screen_element(id, keyname, screen_element_type_id, date_created, date_updated, active) VALUES (33, 'google-trends', 3, CURRENT_TIMESTAMP(), CURRENT_TIMESTAMP(), true);

INSERT INTO screen_attachment(screen_id, screen_element_id, id, date_created, date_updated, active) VALUES (1, 170, 1, CURRENT_TIMESTAMP(), CURRENT_TIMESTAMP(), true);
INSERT INTO screen_attachment(screen_id, screen_element_id, id, date_created, date_updated, active) VALUES (2, 180, 2, CURRENT_TIMESTAMP(), CURRENT_TIMESTAMP(), true);
INSERT INTO screen_attachment(screen_id, screen_element_id, id, date_created, date_updated, active) VALUES (3, 190, 3, CURRENT_TIMESTAMP(), CURRENT_TIMESTAMP(), true);
INSERT INTO screen_attachment(screen_id, screen_element_id, id, date_created, date_updated, active) VALUES (4, 1100, 4, CURRENT_TIMESTAMP(), CURRENT_TIMESTAMP(), true);
INSERT INTO screen_attachment(screen_id, screen_element_id, id, date_created, date_updated, active) VALUES (5, 22, 5, CURRENT_TIMESTAMP(), CURRENT_TIMESTAMP(), true);
INSERT INTO screen_attachment(screen_id, screen_element_id, id, date_created, date_updated, active) VALUES (6, 23, 6, CURRENT_TIMESTAMP(), CURRENT_TIMESTAMP(), true);
INSERT INTO screen_attachment(screen_id, screen_element_id, id, date_created, date_updated, active) VALUES (7, 31, 7, CURRENT_TIMESTAMP(), CURRENT_TIMESTAMP(), true);
INSERT INTO screen_attachment(screen_id, screen_element_id, id, date_created, date_updated, active) VALUES (8, 32, 8, CURRENT_TIMESTAMP(), CURRENT_TIMESTAMP(), true);

-- QUESTION QUERIES --

CREATE TABLE jwt_query (query_type_id bigint NOT NULL, project_id bigint NOT NULL, id bigint GENERATED BY DEFAULT AS IDENTITY, query_string varchar(4000) NOT NULL, dirty bit NOT NULL, last_execution datetime NULL, last_execution_successful bit NULL, last_execution_message varchar(4000) NULL, date_created datetime NOT NULL, date_updated datetime NOT NULL, active bit NOT NULL, PRIMARY KEY (id));
CREATE TABLE query_type (id bigint GENERATED BY DEFAULT AS IDENTITY, keyname varchar(254) NOT NULL UNIQUE, description varchar(254) NOT NULL, date_created datetime NOT NULL, date_updated datetime NOT NULL, active bit NOT NULL, PRIMARY KEY (id));
ALTER TABLE jwt_query ADD CONSTRAINT fk_project_query FOREIGN KEY (project_id) REFERENCES project (id);
ALTER TABLE jwt_query ADD CONSTRAINT fk_query_type_query FOREIGN KEY (query_type_id) REFERENCES query_type (id);

INSERT INTO query_type(id, keyname, description, date_created, date_updated, active) VALUES (1, 'infegy-my-brand', 'My Brand', CURRENT_TIMESTAMP(), CURRENT_TIMESTAMP(), true);
INSERT INTO query_type(id, keyname, description, date_created, date_updated, active) VALUES (2, 'infegy-my-brand-do', 'My Brand | Do', CURRENT_TIMESTAMP(), CURRENT_TIMESTAMP(), true);
INSERT INTO query_type(id, keyname, description, date_created, date_updated, active) VALUES (3, 'infegy-my-brand-feel', 'My Brand | Feel', CURRENT_TIMESTAMP(), CURRENT_TIMESTAMP(), true);
INSERT INTO query_type(id, keyname, description, date_created, date_updated, active) VALUES (4, 'infegy-my-brand-like', 'My Brand | Like', CURRENT_TIMESTAMP(), CURRENT_TIMESTAMP(), true);
INSERT INTO query_type(id, keyname, description, date_created, date_updated, active) VALUES (5, 'infegy-competitor-1', 'Competitor 1', CURRENT_TIMESTAMP(), CURRENT_TIMESTAMP(), true);
INSERT INTO query_type(id, keyname, description, date_created, date_updated, active) VALUES (6, 'infegy-competitor-2', 'Competitor 2', CURRENT_TIMESTAMP(), CURRENT_TIMESTAMP(), true);
INSERT INTO query_type(id, keyname, description, date_created, date_updated, active) VALUES (7, 'infegy-competitor-3', 'Competitor 3', CURRENT_TIMESTAMP(), CURRENT_TIMESTAMP(), true);
INSERT INTO query_type(id, keyname, description, date_created, date_updated, active) VALUES (8, 'infegy-competitor-4', 'Competitor 4', CURRENT_TIMESTAMP(), CURRENT_TIMESTAMP(), true);

