/*
	JWT - Command Information Center
	Database Schema for MySQL
	V2__initial_data.sql
    Last update 2017 - 06 - 19
    
*/

-- Configuration Parameters

INSERT INTO configuration_parameter(id, keyname, value, date_created, date_updated, active) VALUES (1, 'infegy-api-url', 'https://atlas.infegy.com/api/v2/', NOW(), NOW(), 1);
INSERT INTO configuration_parameter(id, keyname, value, date_created, date_updated, active) VALUES (2, 'infegy-api-key', '9d1c251508dfe430b62d7aeb36dc137a', NOW(), NOW(), 1);

INSERT INTO role(id, display_name, value, active) VALUES (1, 'Analyst', 'ROLE_ANALYST', 1);
INSERT INTO role(id, display_name, value, active) VALUES (2, 'Strategic', 'ROLE_STRATEGIC', 1);

-- User & Roles (Predefined)

INSERT INTO jwt_user(id, name_id, name, last_name, email, date_created, date_updated, active) VALUES (1, 'gm2017-03-27t22-01-57-399', 'Gabriel', 'Medina', 'gabriel.medina@globant.com', NOW(), NOW(), 1);
INSERT INTO jwt_user(id, name_id, name, last_name, email, date_created, date_updated, active) VALUES (3, 'sr2017-05-11t18-01-28-058', 'Sahasranshu', 'Roy', 'sahasranshu.roy@globant.com', NOW(), NOW(), 1);
INSERT INTO jwt_user(id, name_id, name, last_name, email, date_created, date_updated, active) VALUES (4, 'ps2017-05-11t18-02-11-695', 'Prasad', 'Salaskar', 'prasad.salaskar@globant.com', NOW(), NOW(), 1);
INSERT INTO jwt_user(id, name_id, name, last_name, email, date_created, date_updated, active) VALUES (5, 'gg2017-03-27t21-59-54-832', 'Gabriel', 'Grispo', 'g.grispo@globant.com', NOW(), NOW(), 1);

-- Queries

INSERT INTO query_type(id, keyname, description, date_created, date_updated, active) VALUES (1, 'infegy-my-brand', 'My Brand', NOW(), NOW(), 1);
INSERT INTO query_type(id, keyname, description, date_created, date_updated, active) VALUES (2, 'infegy-my-brand-do', 'My Brand - Do', NOW(), NOW(), 1);
INSERT INTO query_type(id, keyname, description, date_created, date_updated, active) VALUES (3, 'infegy-my-brand-feel', 'My Brand - Feel', NOW(), NOW(), 1);
INSERT INTO query_type(id, keyname, description, date_created, date_updated, active) VALUES (4, 'infegy-my-brand-like', 'My Brand - Like', NOW(), NOW(), 1);
INSERT INTO query_type(id, keyname, description, date_created, date_updated, active) VALUES (5, 'infegy-competitor-1', 'Competitor 1', NOW(), NOW(), 1);
INSERT INTO query_type(id, keyname, description, date_created, date_updated, active) VALUES (6, 'infegy-competitor-2', 'Competitor 2', NOW(), NOW(), 1);
INSERT INTO query_type(id, keyname, description, date_created, date_updated, active) VALUES (7, 'infegy-competitor-3', 'Competitor 3', NOW(), NOW(), 1);
INSERT INTO query_type(id, keyname, description, date_created, date_updated, active) VALUES (8, 'infegy-competitor-4', 'Competitor 4', NOW(), NOW(), 1);

INSERT INTO query_file(query_type_id, id, input_filename, date_created, date_updated, active) VALUES (1, 1, 'ages.json', NOW(), NOW(), 1);
INSERT INTO query_file(query_type_id, id, input_filename, date_created, date_updated, active) VALUES (1, 2, 'brands.json', NOW(), NOW(), 1);
INSERT INTO query_file(query_type_id, id, input_filename, date_created, date_updated, active) VALUES (1, 3, 'channels.json', NOW(), NOW(), 1);
INSERT INTO query_file(query_type_id, id, input_filename, date_created, date_updated, active) VALUES (1, 4, 'countries.json', NOW(), NOW(), 1);
INSERT INTO query_file(query_type_id, id, input_filename, date_created, date_updated, active) VALUES (1, 5, 'demographics-meta.json', NOW(), NOW(), 1);
INSERT INTO query_file(query_type_id, id, input_filename, date_created, date_updated, active) VALUES (1, 6, 'education.json', NOW(), NOW(), 1);
INSERT INTO query_file(query_type_id, id, input_filename, date_created, date_updated, active) VALUES (1, 7, 'emotions.json', NOW(), NOW(), 1);
INSERT INTO query_file(query_type_id, id, input_filename, date_created, date_updated, active) VALUES (1, 8, 'gender.json', NOW(), NOW(), 1);
INSERT INTO query_file(query_type_id, id, input_filename, date_created, date_updated, active) VALUES (1, 9, 'hashtags.json', NOW(), NOW(), 1);
INSERT INTO query_file(query_type_id, id, input_filename, date_created, date_updated, active) VALUES (1, 10, 'headlines.json', NOW(), NOW(), 1);
INSERT INTO query_file(query_type_id, id, input_filename, date_created, date_updated, active) VALUES (1, 11, 'home-ownership.json', NOW(), NOW(), 1);
INSERT INTO query_file(query_type_id, id, input_filename, date_created, date_updated, active) VALUES (1, 12, 'household-value.json', NOW(), NOW(), 1);
INSERT INTO query_file(query_type_id, id, input_filename, date_created, date_updated, active) VALUES (1, 13, 'income.json', NOW(), NOW(), 1);
INSERT INTO query_file(query_type_id, id, input_filename, date_created, date_updated, active) VALUES (1, 14, 'influence-distribution.json', NOW(), NOW(), 1);
INSERT INTO query_file(query_type_id, id, input_filename, date_created, date_updated, active) VALUES (1, 15, 'influencers.json', NOW(), NOW(), 1);
INSERT INTO query_file(query_type_id, id, input_filename, date_created, date_updated, active) VALUES (1, 16, 'interests.json', NOW(), NOW(), 1);
INSERT INTO query_file(query_type_id, id, input_filename, date_created, date_updated, active) VALUES (1, 17, 'languages.json', NOW(), NOW(), 1);
INSERT INTO query_file(query_type_id, id, input_filename, date_created, date_updated, active) VALUES (1, 18, 'linguistics-stats.json', NOW(), NOW(), 1);
INSERT INTO query_file(query_type_id, id, input_filename, date_created, date_updated, active) VALUES (1, 19, 'negative-keywords.json', NOW(), NOW(), 1);
INSERT INTO query_file(query_type_id, id, input_filename, date_created, date_updated, active) VALUES (1, 20, 'negative-topics.json', NOW(), NOW(), 1);
INSERT INTO query_file(query_type_id, id, input_filename, date_created, date_updated, active) VALUES (1, 21, 'positive-keywords.json', NOW(), NOW(), 1);
INSERT INTO query_file(query_type_id, id, input_filename, date_created, date_updated, active) VALUES (1, 22, 'positive-topics.json', NOW(), NOW(), 1);
INSERT INTO query_file(query_type_id, id, input_filename, date_created, date_updated, active) VALUES (1, 23, 'post-interests.json', NOW(), NOW(), 1);
INSERT INTO query_file(query_type_id, id, input_filename, date_created, date_updated, active) VALUES (1, 24, 'posts.json', NOW(), NOW(), 1);
INSERT INTO query_file(query_type_id, id, input_filename, date_created, date_updated, active) VALUES (1, 25, 'race.json', NOW(), NOW(), 1);
INSERT INTO query_file(query_type_id, id, input_filename, date_created, date_updated, active) VALUES (1, 26, 'sentiment.json', NOW(), NOW(), 1);
INSERT INTO query_file(query_type_id, id, input_filename, date_created, date_updated, active) VALUES (1, 27, 'states.json', NOW(), NOW(), 1);
INSERT INTO query_file(query_type_id, id, input_filename, date_created, date_updated, active) VALUES (1, 28, 'themes.json', NOW(), NOW(), 1);
INSERT INTO query_file(query_type_id, id, input_filename, date_created, date_updated, active) VALUES (1, 29, 'timeofday.json', NOW(), NOW(), 1);
INSERT INTO query_file(query_type_id, id, input_filename, date_created, date_updated, active) VALUES (1, 30, 'topic-clusters.json', NOW(), NOW(), 1);
INSERT INTO query_file(query_type_id, id, input_filename, date_created, date_updated, active) VALUES (1, 31, 'topics.json', NOW(), NOW(), 1);
INSERT INTO query_file(query_type_id, id, input_filename, date_created, date_updated, active) VALUES (1, 32, 'volume.json', NOW(), NOW(), 1);

INSERT INTO query_file(query_type_id, id, input_filename, date_created, date_updated, active) VALUES (2, 33, 'topics.json', NOW(), NOW(), 1);
INSERT INTO query_file(query_type_id, id, input_filename, date_created, date_updated, active) VALUES (3, 34, 'topics.json', NOW(), NOW(), 1);
INSERT INTO query_file(query_type_id, id, input_filename, date_created, date_updated, active) VALUES (4, 35, 'topics.json', NOW(), NOW(), 1);

INSERT INTO query_file(query_type_id, id, input_filename, date_created, date_updated, active) VALUES (5, 36, 'volume.json', NOW(), NOW(), 1);
INSERT INTO query_file(query_type_id, id, input_filename, date_created, date_updated, active) VALUES (6, 37, 'volume.json', NOW(), NOW(), 1);
INSERT INTO query_file(query_type_id, id, input_filename, date_created, date_updated, active) VALUES (7, 38, 'volume.json', NOW(), NOW(), 1);
INSERT INTO query_file(query_type_id, id, input_filename, date_created, date_updated, active) VALUES (8, 39, 'volume.json', NOW(), NOW(), 1);

INSERT INTO query_file(query_type_id, id, input_filename, date_created, date_updated, active) VALUES (5, 40, 'sentiment.json', NOW(), NOW(), 1);
INSERT INTO query_file(query_type_id, id, input_filename, date_created, date_updated, active) VALUES (6, 41, 'sentiment.json', NOW(), NOW(), 1);
INSERT INTO query_file(query_type_id, id, input_filename, date_created, date_updated, active) VALUES (7, 42, 'sentiment.json', NOW(), NOW(), 1);
INSERT INTO query_file(query_type_id, id, input_filename, date_created, date_updated, active) VALUES (8, 43, 'sentiment.json', NOW(), NOW(), 1);

-- Client Mapping Predefined Records (Predefined)

INSERT INTO client(id, uuid, name, date_created, date_updated, active) VALUES (1, 'bdf22d45-7f0a-448a-a69c-933e6d8d530e', 'Pennzoil', NOW(), NOW(), 1);
INSERT INTO client(id, uuid, name, date_created, date_updated, active) VALUES (2, 'c5403266-d357-4af2-b2b2-aa565884dfad', 'Testing', NOW(), NOW(), 1);
INSERT INTO client(id, uuid, name, date_created, date_updated, active) VALUES (3, '94bf98ed-d4bb-450c-9e02-dacc1c678bfb', 'Kleenex', NOW(), NOW(), 1);
INSERT INTO client(id, uuid, name, date_created, date_updated, active) VALUES (4, '640e8362-5af0-4012-b966-b05cd4f3bd29', 'KitKat', NOW(), NOW(), 1);

INSERT INTO brand(client_id, id, uuid, name, date_created, date_updated, active) VALUES (1, 1, 'c5de272a-f4c5-4fe0-ac8d-cd8949fd9445', 'Pennzoil', NOW(), NOW(), 1);
INSERT INTO brand(client_id, id, uuid, name, date_created, date_updated, active) VALUES (2, 2, '646baa15-3f2f-4145-954e-014fac850fe1', 'Testing', NOW(), NOW(), 1);
INSERT INTO brand(client_id, id, uuid, name, date_created, date_updated, active) VALUES (3, 3, 'ec41316b-c613-47b2-b15c-ebfa365f2703', 'Kleenex', NOW(), NOW(), 1);
INSERT INTO brand(client_id, id, uuid, name, date_created, date_updated, active) VALUES (4, 4, '1d343edb-e626-4af9-adad-5b3eb9bdce39', 'KitKat', NOW(), NOW(), 1);

INSERT INTO project(brand_id, id, uuid, name, date_created, date_updated, active) VALUES (1, 1, '70457e56-655d-4e3b-9aca-1cbee10ae978', 'Pennzoil project', NOW(), NOW(), 1);
INSERT INTO project(brand_id, id, uuid, name, date_created, date_updated, active) VALUES (2, 2, 'a06cf8fb-4d39-4a09-a0b1-0e0087a2d39b', 'Testing project', NOW(), NOW(), 1);
INSERT INTO project(brand_id, id, uuid, name, date_created, date_updated, active) VALUES (3, 3, '9d79ca40-1b7d-4880-8b1f-2562a45ae3c9', 'Kleenex project', NOW(), NOW(), 1);

-- gabriel.medina Testing Analyst

INSERT INTO user_project(project_id, user_id, id, role_id, date_created, date_updated, active) VALUES (2, 1, 1, 1, NOW(), NOW(), 1);

-- sahasranshu.roy@globant.com Pennzoil Analyst
 
INSERT INTO user_project(project_id, user_id, id, role_id, date_created, date_updated, active) VALUES (1, 3, 3, 1, NOW(), NOW(), 1);

-- prasad.salaskar@globant.com Kleenex Strategic

INSERT INTO user_project(project_id, user_id, id, role_id, date_created, date_updated, active) VALUES (3, 4, 4, 2, NOW(), NOW(), 1);

 -- gabriel.grispo@globant.com Kleenex Analyst

INSERT INTO user_project(project_id, user_id, id, role_id, date_created, date_updated, active) VALUES (3, 5, 5, 1, NOW(), NOW(), 1);

-- Queries of Projects (Predefined)

INSERT INTO jwt_query(query_type_id, project_id, id, query_string, query_withtin_string, dirty, last_execution, last_execution_successful, last_execution_message, date_created, date_updated, active) 
VALUES (1, 1, 1, '("pennzoil" OR "#pennzoil" OR "#pennzoilsynthetics" OR "#poweredbypennzoil" OR "pennzoilplatinum" OR "#pennzoilplatinum") AND (((synthetic OR conventional OR fluid OR performance OR protection OR "oil" OR mileage OR filter OR gasoline OR warranty OR "gas" OR "lubricant"OR "lubricants" OR "lubrication") AND (automotive OR "auto" OR motor OR engine OR horsepower OR "car" OR "cars" OR automobile OR truck OR "SUV" OR vehicle OR convertible OR minivan OR  transmission OR "gear" OR "axle" OR "warranty")) OR "#cars" OR "#car" OR "#carsofinstagram" OR "#auto" OR "#autos" OR "#automobile" OR "#automotive" OR "#autoparts" OR "#vehicles" OR "oil change" OR "#oilchange")', '', 1, NULL, NULL, NULL, NOW(), NOW(), 1);
INSERT INTO jwt_query(query_type_id, project_id, id, query_string, query_withtin_string, dirty, last_execution, last_execution_successful, last_execution_message, date_created, date_updated, active) 
VALUES (3, 1, 6, '("pennzoil" OR "#pennzoil" OR "#pennzoilsynthetics" OR "#poweredbypennzoil" OR "pennzoilplatinum" OR "#pennzoilplatinum") AND ("feel" OR "felt" OR "feels" OR "feeling" OR "think" OR "thinks" OR "thinking" OR "thought" OR "believe" OR "believed" OR "believes" OR "believing" OR "believer" OR "opinion" OR "experience" OR "experiences" OR "experienced" OR "experiencing" OR "sense" OR "senses" OR "sensed" OR "sensing" OR "perceive" OR "perceives" OR "perceived" OR "perceiving" OR "consider" OR "considered" OR "look" OR "looks" OR "looking" OR "looked" OR "seem" OR "seemed" OR "seems" OR "find" OR "found" OR "finds" OR "finding")', '', 1, NULL, NULL, NULL, NOW(), NOW(), 1);
INSERT INTO jwt_query(query_type_id, project_id, id, query_string, query_withtin_string, dirty, last_execution, last_execution_successful, last_execution_message, date_created, date_updated, active) 
VALUES (2, 1, 8, '("pennzoil" OR "#pennzoil" OR "#pennzoilsynthetics" OR "#poweredbypennzoil" OR "pennzoilplatinum" OR "#pennzoilplatinum") AND ("do" OR "does" OR "did" OR "done" OR "make" OR "makes" OR "made" OR "making" OR "act" OR "acts" OR "acted" OR "acting" OR "action" OR "set up" OR "sets up" OR "setup" OR "setting up" OR "create" OR "creates" OR "creating" OR "play"  OR "plays" OR "played" OR "playing" OR "produce" OR "produced" OR "produces" OR "producing" OR "carry out" OR "carried out" OR "carryout" OR "carrying out" OR "accomplish" OR "accomplishes" OR "accomplished" OR "accomplishing" OR "prepare" OR "prepared" OR "preparing" OR "prepares" OR "succeed" OR "succeeds" OR "succeeded" OR "succeeding" OR "execute" OR "executed" OR "executing" OR "executes" OR "use" OR "used" OR "using" OR "uses")', '', 1, NULL, NULL, NULL, NOW(), NOW(), 1);
INSERT INTO jwt_query(query_type_id, project_id, id, query_string, query_withtin_string, dirty, last_execution, last_execution_successful, last_execution_message, date_created, date_updated, active) 
VALUES (4, 1, 7, '("pennzoil" OR "#pennzoil" OR "#pennzoilsynthetics" OR "#poweredbypennzoil" OR "pennzoilplatinum" OR "#pennzoilplatinum") AND ("like" OR "likes" OR "liked" OR "liking" OR "likings" OR "enjoy" OR "enjoys" OR "enjoyed" OR "love" OR "loves" OR "loved" OR "loving" OR "prefer" OR "preferred" OR "prefers" OR "desire" OR "desires" OR "desired" OR "desiring" OR "want" OR "wanted" OR "wanting" OR "wants" OR "fancy" OR "cherish" OR "cherishes" OR "cherished" OR "esteem" OR "look up to" OR "looked up to" OR "looking up to" OR "looks up to" OR "adore" OR "adorable" OR "adored" OR "adores" OR "adored" OR "rate highly")', '', 1, NULL, NULL, NULL, NOW(), NOW(), 1);
INSERT INTO jwt_query(query_type_id, project_id, id, query_string, query_withtin_string, dirty, last_execution, last_execution_successful, last_execution_message, date_created, date_updated, active) 
VALUES (5, 1, 2, '("mobil 1" OR "mobil1" OR "#mobil1oil" OR "#mobil1") AND (((synthetic OR conventional OR fluid OR performance OR protection OR "oil" OR mileage OR filter OR gasoline OR warranty OR "gas" OR "lubricant"OR "lubricants" OR "lubrication") AND (automotive OR "auto" OR motor OR engine OR horsepower OR "car" OR "cars" OR automobile OR truck OR "SUV" OR vehicle OR convertible OR minivan OR  transmission OR "gear" OR "axle" OR "warranty")) OR "#cars" OR "#car" OR "#carsofinstagram" OR "#auto" OR "#autos" OR "#automobile" OR "#automotive" OR "#autoparts" OR "#vehicles" OR "oil change" OR "#oilchange")', '', 1, NULL, NULL, NULL, NOW(), NOW(), 1);
INSERT INTO jwt_query(query_type_id, project_id, id, query_string, query_withtin_string, dirty, last_execution, last_execution_successful, last_execution_message, date_created, date_updated, active) 
VALUES (6, 1, 3, '("castrol" OR "#castrol" OR "#castroledge" OR "#castrolmoto" OR "#castroloil") AND (((synthetic OR conventional OR fluid OR performance OR protection OR "oil" OR mileage OR filter OR gasoline OR warranty OR "gas" OR "lubricant"OR "lubricants" OR "lubrication") AND (automotive OR "auto" OR motor OR engine OR horsepower OR "car" OR "cars" OR automobile OR truck OR "SUV" OR vehicle OR convertible OR minivan OR  transmission OR "gear" OR "axle" OR "warranty")) OR "#cars" OR "#car" OR "#carsofinstagram" OR "#auto" OR "#autos" OR "#automobile" OR "#automotive" OR "#autoparts" OR "#vehicles" OR "oil change" OR "#oilchange")', '', 1, NULL, NULL, NULL, NOW(), NOW(), 1);
INSERT INTO jwt_query(query_type_id, project_id, id, query_string, query_withtin_string, dirty, last_execution, last_execution_successful, last_execution_message, date_created, date_updated, active) 
VALUES (7, 1, 4, '("valvoline" OR "#valvoline" OR "#teamvalvoline" OR "valvolineoil") AND (((synthetic OR conventional OR fluid OR performance OR protection OR "oil" OR mileage OR filter OR gasoline OR warranty OR "gas" OR "lubricant"OR "lubricants" OR "lubrication") AND (automotive OR "auto" OR motor OR engine OR horsepower OR "car" OR "cars" OR automobile OR truck OR "SUV" OR vehicle OR convertible OR minivan OR  transmission OR "gear" OR "axle" OR "warranty")) OR "#cars" OR "#car" OR "#carsofinstagram" OR "#auto" OR "#autos" OR "#automobile" OR "#automotive" OR "#autoparts" OR "#vehicles" OR "oil change" OR "#oilchange")', '', 1, NULL, NULL, NULL, NOW(), NOW(), 1);

INSERT INTO jwt_query(query_type_id, project_id, id, query_string, query_withtin_string, dirty, last_execution, last_execution_successful, last_execution_message, date_created, date_updated, active) 
VALUES (1, 3, 9, '"kleenex" OR "#kleenex" OR "#kleenexMoment" OR "#kleenexfacialcleansing" AND (((tissue) AND box OR facial OR pocket OR holder OR disposable OR wipes OR products OR paper OR packs OR soft OR "pack"  OR package OR soft OR "carton" OR "strong" OR "to go" OR "lotion") OR "paper towels" OR "hand towels" OR "wet wipes" OR "#tissues" OR "#tissue" OR "#tissuebox" OR "#tissuepaper" OR "#tissuecase" OR "#tissuecover" OR "#wetwipes" OR "#wipes")','', 1, NULL, NULL, NULL, NOW(), NOW(), 1);
INSERT INTO jwt_query(query_type_id, project_id, id, query_string, query_withtin_string, dirty, last_execution, last_execution_successful, last_execution_message, date_created, date_updated, active) 
VALUES (2, 3, 10, '"kleenex" OR "#kleenex" OR "#kleenexMoment" OR "#kleenexfacialcleansing" AND (feel OR felt OR think OR thought OR believe OR believing OR believer OR opinion OR experience OR experiencing OR sense OR sensing OR perceive OR perceiving OR consider OR look OR seem OR find) ', '', 1, NULL, NULL, NULL, NOW(), NOW(), 1);
INSERT INTO jwt_query(query_type_id, project_id, id, query_string, query_withtin_string, dirty, last_execution, last_execution_successful, last_execution_message, date_created, date_updated, active) 
VALUES (3, 3, 11, '"kleenex" OR "#kleenex" OR "#kleenexMoment" OR "#kleenexfacialcleansing" AND (do OR did OR make OR made OR making OR act OR action OR "set up" OR "sets up" OR setup OR "setting up" OR create OR creating OR play OR produce OR producing OR "carry out" OR "carried out" OR carryout)','', 1, NULL, NULL, NULL, NOW(), NOW(), 1);
INSERT INTO jwt_query(query_type_id, project_id, id, query_string, query_withtin_string, dirty, last_execution, last_execution_successful, last_execution_message, date_created, date_updated, active) 
VALUES (4, 3, 12, '"kleenex" OR "#kleenex" OR "#kleenexMoment" OR "#kleenexfacialcleansing" AND (like OR liking OR likings OR enjoy OR love OR loving OR prefer OR prefers OR desire OR desiring OR want OR hate OR hating OR dislike OR disliking OR fancy)','', 1, NULL, NULL, NULL, NOW(), NOW(), 1);
INSERT INTO jwt_query(query_type_id, project_id, id, query_string, query_withtin_string, dirty, last_execution, last_execution_successful, last_execution_message, date_created, date_updated, active) 
VALUES (5, 3, 13, '"puffs" OR "#puffs" AND (((tissue) AND box OR facial OR pocket OR holder OR disposable OR wipes OR products OR paper OR packs OR soft OR "pack"  OR package OR soft OR "carton" OR "strong" OR "to go" OR "lotion") OR "paper towels" OR "hand towels" OR "wet wipes" OR "#tissues" OR "#tissue" OR "#tissuebox" OR "#tissuepaper" OR "#tissuecase" OR "#tissuecover" OR "#wetwipes" OR "#wipes")','', 1, NULL, NULL, NULL, NOW(), NOW(), 1);
INSERT INTO jwt_query(query_type_id, project_id, id, query_string, query_withtin_string, dirty, last_execution, last_execution_successful, last_execution_message, date_created, date_updated, active) 
VALUES (6, 3, 14, '"scotties" OR "#scotties" AND (((tissue) AND box OR facial OR pocket OR holder OR disposable OR wipes OR products OR paper OR packs OR soft OR "pack"  OR package OR soft OR "carton" OR "strong" OR "to go" OR "lotion") OR "paper towels" OR "hand towels" OR "wet wipes" OR "#tissues" OR "#tissue" OR "#tissuebox" OR "#tissuepaper" OR "#tissuecase" OR "#tissuecover" OR "#wetwipes" OR "#wipes")','', 1, NULL, NULL, NULL, NOW(), NOW(), 1);
INSERT INTO jwt_query(query_type_id, project_id, id, query_string, query_withtin_string, dirty, last_execution, last_execution_successful, last_execution_message, date_created, date_updated, active) 
VALUES (7, 3, 15, '"angel soft" OR "#angelsoft" AND (((tissue) AND box OR facial OR pocket OR holder OR disposable OR wipes OR products OR paper OR packs OR soft OR "pack"  OR package OR soft OR "carton" OR "strong" OR "to go" OR "lotion") OR "paper towels" OR "hand towels" OR "wet wipes" OR "#tissues" OR "#tissue" OR "#tissuebox" OR "#tissuepaper" OR "#tissuecase" OR "#tissuecover" OR "#wetwipes" OR "#wipes")','', 1, NULL, NULL, NULL, NOW(), NOW(), 1);

INSERT INTO `jwt_query` (`query_type_id`,`project_id`,`query_string`,`query_withtin_string`,`dirty`,`last_execution`,`last_execution_successful`,`last_execution_message`,`date_created`,`date_updated`,`active`) VALUES (1,2,'(\"KitKat\" OR \"KIT KAT\" OR \"kitkats\" OR \"kit kats\" OR #kitkat OR #kitkats)  AND (\"chocolate\" OR \"chocolates\" OR \"choco\" OR  \"sweet\" OR \"candy\" OR \"dessert\" OR  \"snack\" OR \"cake\"  OR \"cupcake\" OR \"sweets\" OR \"candies\" OR \"desserts\" OR  \"snacks\"  OR \"cakes\" OR \"chocolat\" OR \"cupcakes\"  OR \"sugary\" OR \"bite size\" OR \"bite sized\" OR \"chocolatelover\" OR \"chocolatelovers\" OR \"chocoholic\" OR \"chocolatemilk\" OR \"chocolatecake\" OR \"chocolatecakes\" OR \"lolly\" OR \"lollies\" OR \"foodie\" OR \"chocolover\" OR \"lovechocolate\" OR \"sugar\" OR \"chocolatebar\" OR \"chocolatebars\" OR \"cocoa\" OR \"time\" OR \"bar\" OR \"bars\" OR \"tea\" OR \"break\" OR \"flavour\" OR \"flavours\" OR \"flavor\" OR \"matcha\" OR \"green\" OR \"marshmallow\" OR #chocolate OR #chocolates OR #choco OR #sweet OR #candy OR #dessert OR  #snack OR #cake OR #sweet OR #candies OR #desserts OR  #snacks  OR #cakes OR #chocolat OR #cupcake OR #sugary OR #chocoholic OR #chocolatelover OR #chocolatecake OR #icecream OR #sweettooth OR #treats OR #chocolatelovers OR #chocolatemilk OR #chocolatecake OR #chocolatecakes OR #foodporn OR #dessertporn OR #foodlover OR #chocolateporn OR #foodie OR #whitechocolate OR #chocolatelove OR #chocolover OR #lovechocolate OR #sugar OR #chocolatebar OR #chocolatebars OR #cocoa OR #time OR #break OR #haveabreak OR #green OR #greentea OR #flavour OR #flavours OR #flavor OR #matcha OR #darkchocolate)',NULL,1,NULL,NULL,NULL,'2017-06-13 07:56:59','2017-06-13 07:56:59',1);
INSERT INTO `jwt_query` (`query_type_id`,`project_id`,`query_string`,`query_withtin_string`,`dirty`,`last_execution`,`last_execution_successful`,`last_execution_message`,`date_created`,`date_updated`,`active`) VALUES (5,2,'(\"Snickers\" OR #snickers) AND (\"chocolate\" OR \"chocolates\" OR \"choco\" OR  \"sweet\" OR \"candy\" OR \"dessert\" OR  \"snack\" OR \"cake\"  OR \"cupcake\" OR \"sweets\" OR \"candies\" OR \"desserts\" OR  \"snacks\"  OR \"cakes\" OR \"chocolat\" OR \"cupcakes\"  OR \"sugary\" OR \"bite size\" OR \"bite sized\" OR \"chocolatelover\" OR \"chocolatelovers\" OR \"chocoholic\" OR \"chocolatemilk\" OR \"chocolatecake\" OR \"chocolatecakes\" OR \"lolly\" OR \"lollies\" OR \"foodie\" OR \"chocolover\" OR \"lovechocolate\" OR \"sugar\" OR \"chocolatebar\" OR \"chocolatebars\" OR \"cocoa\" OR #chocolate OR #chocolates OR #choco OR #sweet OR #candy OR #dessert OR  #snack OR #cake OR #sweet OR #candies OR #desserts OR  #snacks  OR #cakes OR #chocolat OR #cupcake OR #sugary OR #chocoholic OR #chocolatelover OR #chocolatecake OR #icecream OR #sweettooth OR #treat OR #treats OR #chocolatelovers OR #chocolatemilk OR #chocolatecake OR #chocolatecakes OR #foodporn OR #dessertporn OR #foodlover OR #chocolateporn OR #foodie OR #whitechocolate OR #chocolatelove OR #chocolover OR #lovechocolate OR #sugar OR #chocolatebar OR #chocolatebars OR #cocoa)',NULL,1,NULL,NULL,NULL,'2017-06-13 07:56:59','2017-06-13 07:56:59',1);
INSERT INTO `jwt_query` (`query_type_id`,`project_id`,`query_string`,`query_withtin_string`,`dirty`,`last_execution`,`last_execution_successful`,`last_execution_message`,`date_created`,`date_updated`,`active`) VALUES (7,2,'(\"Kinder Bueno\" OR \"kinderbueno\" OR #kinderbueno) AND (\"chocolate\" OR \"chocolates\" OR \"choco\" OR  \"sweet\" OR \"candy\" OR \"dessert\" OR  \"snack\" OR \"cake\"  OR \"cupcake\" OR \"sweets\" OR \"candies\" OR \"desserts\" OR  \"snacks\"  OR \"cakes\" OR \"chocolat\" OR \"cupcakes\"  OR \"sugary\" OR \"bite size\" OR \"bite sized\" OR \"chocolatelover\" OR \"chocolatelovers\" OR \"chocoholic\" OR \"chocolatemilk\" OR \"chocolatecake\" OR \"chocolatecakes\" OR \"lolly\" OR \"lollies\" OR \"foodie\" OR \"chocolover\" OR \"lovechocolate\" OR \"sugar\" OR \"chocolatebar\" OR \"chocolatebars\" OR \"cocoa\" OR #chocolate OR #chocolates OR #choco OR #sweet OR #candy OR #dessert OR  #snack OR #cake OR #sweet OR #candies OR #desserts OR  #snacks  OR #cakes OR #chocolat OR #cupcake OR #sugary OR #chocoholic OR #chocolatelover OR #chocolatecake OR #icecream OR #sweettooth OR #treat OR #treats OR #chocolatelovers OR #chocolatemilk OR #chocolatecake OR #chocolatecakes OR #foodporn OR #dessertporn OR #foodlover OR #chocolateporn OR #foodie OR #whitechocolate OR #chocolatelove OR #chocolover OR #lovechocolate OR #sugar OR #chocolatebar OR #chocolatebars OR #cocoa)',NULL,1,NULL,NULL,NULL,'2017-06-13 07:56:59','2017-06-13 07:56:59',1);
INSERT INTO `jwt_query` (`query_type_id`,`project_id`,`query_string`,`query_withtin_string`,`dirty`,`last_execution`,`last_execution_successful`,`last_execution_message`,`date_created`,`date_updated`,`active`) VALUES (2,2,'(\"KitKat\" OR \"KIT KAT\" OR \"kitkats\" OR \"kit kats\" OR #kitkat OR #kitkats)  AND (\"do\" OR \"does\" OR \"did\" OR \"done\" OR \"make\" OR \"makes\" OR \"made\" OR \"making\" OR \"act\" OR \"acts\" OR \"acted\" OR \"acting\" OR \"action\" OR \"set up\" OR \"sets up\" OR \"setup\" OR \"setting up\" OR \"create\" OR \"creates\" OR \"creating\" OR \"play\"  OR \"plays\" OR \"played\" OR \"playing\" OR \"produce\" OR \"produced\" OR \"produces\" OR \"producing\" OR \"carry out\" OR \"carried out\" OR \"carryout\" OR \"carrying out\" OR \"accomplish\" OR \"accomplishes\" OR \"accomplished\" OR \"accomplishing\" OR “prepare\" OR \"prepared\" OR \"preparing\" OR \"prepares\" OR “succeed” OR \"succeeds\" OR \"succeeded\" OR \"succeeding\" OR \"execute\" OR \"executed\" OR \"executing\" OR \"executes\" OR \"use\" OR \"used\" OR \"using\" OR \"uses\")',NULL,1,NULL,NULL,NULL,'2017-06-13 07:56:59','2017-06-13 10:01:41',0);
INSERT INTO `jwt_query` (`query_type_id`,`project_id`,`query_string`,`query_withtin_string`,`dirty`,`last_execution`,`last_execution_successful`,`last_execution_message`,`date_created`,`date_updated`,`active`) VALUES (4,2,'(\"KitKat\" OR \"KIT KAT\" OR \"kitkats\" OR \"kit kats\" OR #kitkat OR #kitkats)  AND (\"like\" OR \"likes\" OR \"liked\" OR \"liking\" OR \"likings\" OR \"enjoy\" OR \"enjoys\" OR \"enjoyed” OR \"love\" OR \"loves\" OR \"loved\" OR \"loving\" OR \"prefer\" OR \"preferred\" OR \"prefers\" OR \"desire\" OR \"desires\" OR \"desired\" OR \"desiring\" OR \"want\" OR \"wanted\" OR \"wanting\" OR \"wants\" OR \"fancy\" OR \"cherish\" OR \"cherishes\" OR \"cherished\" OR \"esteem\" OR \"look up to\" OR \"looked up to\" OR \"looking up to\" OR \"looks up to\" OR \"adore\" OR \"adorable\" OR \"adored\" OR \"adores\" OR \"adored\" OR \"rate highly\")',NULL,1,NULL,NULL,NULL,'2017-06-13 07:56:59','2017-06-13 10:01:41',0);
INSERT INTO `jwt_query` (`query_type_id`,`project_id`,`query_string`,`query_withtin_string`,`dirty`,`last_execution`,`last_execution_successful`,`last_execution_message`,`date_created`,`date_updated`,`active`) VALUES (8,2,'(\"Oreo\" OR  \"oreos\" OR #oreo OR #oreos) AND (\"chocolate\" OR \"chocolates\" OR \"choco\" OR  \"sweet\" OR \"candy\" OR \"dessert\" OR  \"snack\" OR \"cake\"  OR \"cupcake\" OR \"sweets\" OR \"candies\" OR \"desserts\" OR  \"snacks\"  OR \"cakes\" OR \"chocolat\" OR \"cupcakes\"  OR \"sugary\" OR \"bite size\" OR \"bite sized\" OR \"chocolatelover\" OR \"chocolatelovers\" OR \"chocoholic\" OR \"chocolatemilk\" OR \"chocolatecake\" OR \"chocolatecakes\" OR \"lolly\" OR \"lollies\" OR \"foodie\" OR \"chocolover\" OR \"lovechocolate\" OR \"sugar\" OR \"chocolatebar\" OR \"chocolatebars\" OR \"cocoa\" OR #chocolate OR #chocolates OR #choco OR #sweet OR #candy OR #dessert OR  #snack OR #cake OR #sweet OR #candies OR #desserts OR  #snacks  OR #cakes OR #chocolat OR #cupcake OR #sugary OR #chocoholic OR #chocolatelover OR #chocolatecake OR #icecream OR #sweettooth OR #treat OR #treats OR #chocolatelovers OR #chocolatemilk OR #chocolatecake OR #chocolatecakes OR #foodporn OR #dessertporn OR #foodlover OR #chocolateporn OR #foodie OR #whitechocolate OR #chocolatelove OR #chocolover OR #lovechocolate OR #sugar OR #chocolatebar OR #chocolatebars OR #cocoa)',NULL,1,NULL,NULL,NULL,'2017-06-13 07:56:59','2017-06-13 07:56:59',1);
INSERT INTO `jwt_query` (`query_type_id`,`project_id`,`query_string`,`query_withtin_string`,`dirty`,`last_execution`,`last_execution_successful`,`last_execution_message`,`date_created`,`date_updated`,`active`) VALUES (3,2,'(\"KitKat\" OR \"KIT KAT\" OR \"kitkats\" OR \"kit kats\" OR #kitkat OR #kitkats)  AND (\"feel\" OR \"felt\" OR \"feels\" OR \"feeling\" OR \"think\" OR \"thinks\" OR \"thinking\" OR \"thought\" OR \"believe\" OR \"believed\" OR \"believes\" OR \"believing\" OR \"believer\" OR \"opinion\" OR \"experience\" OR \"experiences\" OR \"experienced\" OR \"experiencing\" OR \"sense\" OR \"senses\" OR \"sensed\" OR \"sensing\" OR \"perceive\" OR \"perceives\" OR \"perceived\" OR \"perceiving\" OR \"consider\" OR \"considered\" OR \"look\" OR \"looks\" OR \"looking\" OR \"looked\" OR \"seem\" OR \"seemed\" OR \"seems\" OR \"find\" OR \"found\" OR \"finds\" OR \"finding\")',NULL,1,NULL,NULL,NULL,'2017-06-13 07:56:59','2017-06-13 10:01:41',0);
INSERT INTO `jwt_query` (`query_type_id`,`project_id`,`query_string`,`query_withtin_string`,`dirty`,`last_execution`,`last_execution_successful`,`last_execution_message`,`date_created`,`date_updated`,`active`) VALUES (6,2,'(\"Lindt\" OR #lindt) AND (\"chocolate\" OR \"chocolates\" OR \"choco\" OR  \"sweet\" OR \"candy\" OR \"dessert\" OR  \"snack\" OR \"cake\"  OR \"cupcake\" OR \"sweets\" OR \"candies\" OR \"desserts\" OR  \"snacks\"  OR \"cakes\" OR \"chocolat\" OR \"cupcakes\"  OR \"sugary\" OR \"bite size\" OR \"bite sized\" OR \"chocolatelover\" OR \"chocolatelovers\" OR \"chocoholic\" OR \"chocolatemilk\" OR \"chocolatecake\" OR \"chocolatecakes\" OR \"lolly\" OR \"lollies\" OR \"foodie\" OR \"chocolover\" OR \"lovechocolate\" OR \"sugar\" OR \"chocolatebar\" OR \"chocolatebars\" OR \"cocoa\" OR \"flavours\" OR \"flavour\" OR #chocolate OR #chocolates OR #choco OR #sweet OR #candy OR #dessert OR  #snack OR #cake OR #sweet OR #candies OR #desserts OR  #snacks  OR #cakes OR #chocolat OR #cupcake OR #sugary OR #chocoholic OR #chocolatelover OR #chocolatecake OR #icecream OR #sweettooth OR #treat OR #treats OR #chocolatelovers OR #chocolatemilk OR #chocolatecake OR #chocolatecakes OR #foodporn OR #dessertporn OR #foodlover OR #chocolateporn OR #foodie OR #whitechocolate OR #chocolatelove OR #chocolover OR #lovechocolate OR #sugar OR #chocolatebar OR #chocolatebars OR #cocoa)',NULL,1,NULL,NULL,NULL,'2017-06-13 07:56:59','2017-06-13 07:56:59',1);
INSERT INTO `jwt_query` (`query_type_id`,`project_id`,`query_string`,`query_withtin_string`,`dirty`,`last_execution`,`last_execution_successful`,`last_execution_message`,`date_created`,`date_updated`,`active`) VALUES (4,2,'(\"KitKat\" OR \"KIT KAT\" OR \"kitkats\" OR \"kit kats\" OR #kitkat OR #kitkats)  AND (\"like\" OR \"likes\" OR \"liked\" OR \"liking\" OR \"likings\" OR \"enjoy\" OR \"enjoys\" OR \"enjoyed\" OR \"love\" OR \"loves\" OR \"loved\" OR \"loving\" OR \"prefer\" OR \"preferred\" OR \"prefers\" OR \"desire\" OR \"desires\" OR \"desired\" OR \"desiring\" OR \"want\" OR \"wanted\" OR \"wanting\" OR \"wants\" OR \"fancy\" OR \"cherish\" OR \"cherishes\" OR \"cherished\" OR \"esteem\" OR \"look up to\" OR \"looked up to\" OR \"looking up to\" OR \"looks up to\" OR \"adore\" OR \"adorable\" OR \"adored\" OR \"adores\" OR \"adored\" OR \"rate highly\")',NULL,1,NULL,NULL,NULL,'2017-06-13 10:01:41','2017-06-13 10:01:41',1);
INSERT INTO `jwt_query` (`query_type_id`,`project_id`,`query_string`,`query_withtin_string`,`dirty`,`last_execution`,`last_execution_successful`,`last_execution_message`,`date_created`,`date_updated`,`active`) VALUES (2,2,'(\"KitKat\" OR \"KIT KAT\" OR \"kitkats\" OR \"kit kats\" OR #kitkat OR #kitkats)  AND (\"do\" OR \"does\" OR \"did\" OR \"done\" OR \"make\" OR \"makes\" OR \"made\" OR \"making\" OR \"act\" OR \"acts\" OR \"acted\" OR \"acting\" OR \"action\" OR \"set up\" OR \"sets up\" OR \"setup\" OR \"setting up\" OR \"create\" OR \"creates\" OR \"creating\" OR \"play\"  OR \"plays\" OR \"played\" OR \"playing\" OR \"produce\" OR \"produced\" OR \"produces\" OR \"producing\" OR \"carry out\" OR \"carried out\" OR \"carryout\" OR \"carrying out\" OR \"accomplish\" OR \"accomplishes\" OR \"accomplished\" OR \"accomplishing\" OR \"prepare\" OR \"prepared\" OR \"preparing\" OR \"prepares\" OR \"succeed\" OR \"succeeds\" OR \"succeeded\" OR \"succeeding\" OR \"execute\" OR \"executed\" OR \"executing\" OR \"executes\" OR \"use\" OR \"used\" OR \"using\" OR \"uses\")',NULL,1,NULL,NULL,NULL,'2017-06-13 10:01:41','2017-06-13 10:01:41',1);
INSERT INTO `jwt_query` (`query_type_id`,`project_id`,`query_string`,`query_withtin_string`,`dirty`,`last_execution`,`last_execution_successful`,`last_execution_message`,`date_created`,`date_updated`,`active`) VALUES (3,2,'(\"KitKat\" OR \"KIT KAT\" OR \"kitkats\" OR \"kit kats\" OR #kitkat OR #kitkats)  AND (\"feel\" OR \"felt\" OR \"feels\" OR \"feeling\" OR \"think\" OR \"thinks\" OR \"thinking\" OR \"thought\" OR \"believe\" OR \"believed\" OR \"believes\" OR \"believing\" OR \"believer\" OR \"opinion\" OR \"experience\" OR \"experiences\" OR \"experienced\" OR \"experiencing\" OR \"sense\" OR \"senses\" OR \"sensed\" OR \"sensing\" OR \"perceive\" OR \"perceives\" OR \"perceived\" OR \"perceiving\" OR \"consider\" OR \"considered\" OR \"look\" OR \"looks\" OR \"looking\" OR \"looked\" OR \"seem\" OR \"seemed\" OR \"seems\" OR \"find\" OR \"found\" OR \"finds\" OR \"finding\")',NULL,1,NULL,NULL,NULL,'2017-06-13 10:01:41','2017-06-13 10:01:41',1);
